RegionName,StateName,2015_avg_sale,2015_avg_rent,2016_avg_sale,2016_avg_rent,2017_avg_sale,2017_avg_rent,2018_avg_sale,2018_avg_rent,2019_avg_sale,2019_avg_rent,2020_avg_sale,2020_avg_rent
"Chicago, IL",IL,190233.00868000003,1518.2766204000002,200474.13609166665,1551.105514,211743.99610000002,1588.319957,222450.06401666664,1623.3819889166668,228772.00170000002,1665.6693219999997,236891.85410833335,1670.090757166666
"Dallas, TX",TX,191501.30812999996,1188.1494902000002,212103.9224,1238.7053719166668,233181.27760000003,1293.9018704166667,251642.75839166666,1339.6134301666666,260920.6137,1389.2333305833333,273230.64352499996,1412.636604333333
"Houston, TX",TX,181484.93613,1306.2479528000001,192021.28937500002,1312.8262373333334,199631.96738333334,1326.1355932499998,208310.7008916667,1373.0913147499998,217128.087775,1394.818986,226271.78629999995,1401.7579667499997
"Washington, DC",VA,373645.24840000004,1809.4341754000002,382341.9484666667,1833.7764564166664,395482.030275,1867.344202,410559.3300416667,1904.6225501666665,424768.8347416667,1961.2088495833332,448221.413,1955.3666371666666
"Philadelphia, PA",PA,201216.76429,1365.44119,208939.85196666667,1393.8789334166665,218699.5855583333,1431.4795970833331,229128.343675,1473.0306175000003,238851.3568166667,1525.5868504166665,255240.85647499995,1561.744931
"Miami, FL",FL,213336.16028,1633.9409218,232587.201875,1690.1111729166666,252362.68941666666,1728.7705457500003,275901.4772583334,1779.5497824166666,289406.01646666665,1832.339297583333,304829.19295,1874.076186333333
"Atlanta, GA",GA,172492.51267,1130.0372905000002,185717.00115833335,1188.9842072499998,200944.55749166667,1260.3321446666666,219990.58652500002,1338.5839625833335,235827.17225833342,1420.786753,252243.88933333335,1479.7113491666669
"Phoenix, AZ",AZ,216435.84532,1030.9930364000002,235001.51127499997,1082.2320508333335,250725.40959999998,1143.9531176666665,270873.77057500003,1221.9324784166665,288783.94317499996,1321.4392815833335,317874.43682500004,1414.9943183333332
"Riverside, CA",CA,294014.6708099999,1470.7840023,310553.8374416667,1536.05581775,334687.4422666667,1625.507552,369576.25885833334,1718.7968515833334,383352.37332500005,1802.1504013333333,404950.16369166673,1896.5160921666668
"Detroit, MI",MI,126155.6229,941.0959014799998,136578.233575,967.88904595,149407.86728333335,1008.9250176749998,163164.43848333333,1051.57310425,174822.70595833333,1093.7513210000002,184599.83506666668,1136.8543460833334
"Seattle, WA",WA,356758.80192,1499.8448644,398147.47095,1601.3292264166666,446411.5156916667,1710.3776541666673,498628.6157916667,1774.4228451666668,508819.6258166667,1849.2795924166667,542213.6935999999,1874.2989985833335
"Minneapolis, MN",MN,224948.68859,1231.5371996000001,239231.5681583333,1273.4179540833334,256952.6299333333,1331.6283850000002,274015.218425,1391.2768554166666,287095.0439916667,1451.7075368333335,303487.0336833333,1482.7587731666665
"San Diego, CA",CA,476220.5656,1822.8772609,513329.8994583334,1914.2483362499997,553751.4908500001,2020.9614885,589820.8351,2125.6953779166665,602273.760425,2206.525557333333,637801.021975,2257.9339915
"Tampa, FL",FL,160916.00371000002,1151.6049543000001,177751.97715833332,1205.3452869166667,195952.1452083333,1264.1038466666666,213122.60736666663,1333.3533385833332,226009.80819166664,1396.5474103333333,243700.42495000004,1461.3351520833332
"Denver, CO",CO,334760.60601999995,1416.8853917,370921.09619999997,1476.6485804166666,403039.7642833334,1529.2759695833336,431529.53170833335,1585.8850385833332,451697.9495583333,1645.9414635,477591.4408750001,1657.066088166667
"Baltimore, MD",MD,248798.00944,1392.9097438000001,254810.28827499997,1403.307867166667,263117.6935666667,1418.6627175,272254.783275,1434.447727916667,280620.4578583334,1466.5766809999998,292759.08849166665,1481.5851609166668
"St. Louis, MO",MO,142328.53233999998,962.20217907,149041.27270833336,979.9446442083332,156042.8540416667,1001.706226075,163296.18576666666,1027.7490125833333,170274.66943333333,1059.8638454166667,181536.55738333333,1098.03748375
"Orlando, FL",FL,185061.2805,1212.8724654000002,200487.03274166668,1267.236486,218436.78156666664,1330.8237684166668,237106.14224166668,1415.217502583333,252704.3556583333,1484.22428525,268614.25943333335,1510.9190778333332
"Charlotte, NC",NC,170226.09157,1117.9070207,184000.31960000005,1168.4965451666665,199659.14904999998,1226.8583664166667,216615.02149166667,1282.0476251666664,230192.38541666663,1348.8477049166668,248881.281475,1382.3638136666666
"San Antonio, TX",TX,162789.34615,1074.7380738,173672.68574166668,1105.78433075,184805.04308333332,1138.5152536666667,195079.7761583333,1168.0695655833333,203244.12171666665,1207.2636367499997,215188.37147500002,1226.3043529166666
"Portland, OR",OR,310904.97678,1265.2015466,350419.7214916667,1347.3879695,382453.79823333333,1406.2748806666668,404308.59349999996,1445.3865210833335,416191.64445,1497.1913365833332,439295.8694249999,1522.9581790833333
"Sacramento, CA",CA,325040.72159000003,1359.4530144000003,351476.6774833333,1460.8896902499998,382230.5240916666,1588.366719083333,412841.95878333336,1687.3653170833331,427399.1062750001,1769.4614050833334,450736.652325,1842.2043237500004
"Pittsburgh, PA",PA,125925.89197,1062.0917198,130880.38200000003,1073.4908912500002,136460.24598333336,1093.7637782499999,144351.73663333335,1126.1950781666667,150905.53341666664,1164.3990333333334,162725.84295833332,1198.8815204166667
"Cincinnati, OH",OH,144322.45914,949.64072424,152528.66650833332,978.1419006666666,162134.4953,1020.2722016583333,172558.57111666663,1067.4498964166667,184314.88986666666,1125.479473,199258.22329999998,1181.9103880000002
"Austin, TX",TX,265914.10374,1281.9950087,285251.8394166667,1314.5098601666668,300788.37642499997,1346.9677285833332,312360.81899166666,1385.6625723333334,323148.311775,1449.7563945,349828.45840833336,1460.2934607500001
"Las Vegas, NV",NV,211199.49327000004,1072.6858990000003,224467.00048333334,1112.6843650000003,246549.1288583333,1173.2547127499997,282760.98445,1254.2561355,302580.160425,1334.4357223333332,312963.88628333336,1386.5806517499998
"Kansas City, MO",MO,151840.10466,931.08161662,163053.6329333333,961.4587544,176734.138825,1000.8330494333335,191175.16536666665,1037.5883525,202241.62114166666,1076.1320294166667,217541.95306666673,1126.22346475
"Columbus, OH",OH,158198.5441,998.19152857,167711.9446416667,1031.8496321666664,178379.23344999997,1075.2374425833334,192166.89473333335,1132.2388770833334,206092.06734166667,1182.91977375,222790.1915916667,1235.7307309166667
"Indianapolis, IN",IN,135716.17054,989.1081483400001,142560.27044166668,1012.4769676916666,152380.6569583333,1041.7566724166666,164599.09487499998,1084.344200583333,176353.1883833333,1129.5318255833333,192401.347925,1190.9042999166666
"Cleveland, OH",OH,123603.22964,975.5253837800001,130031.97114166665,998.9511886,137236.38419166664,1012.587602875,145182.30410833334,1038.425347333333,153190.41426666666,1077.8444163333334,162308.5890583333,1118.8105440833333
"San Jose, CA",CA,859758.0623599999,2704.7085770999997,914759.4767333334,2785.844954,948403.0084416667,2853.4677420833336,1151484.3514999999,2958.328778083334,1146561.615,3033.561457583334,1161708.2834166668,2971.303359666667
"Nashville, TN",TN,194674.78008999996,1239.7855646,216979.2836916667,1299.9001687500001,242436.17843333332,1354.2128495833333,264494.9842,1392.0572385833332,277886.7101833333,1448.7955485833334,297919.0938916667,1493.0018150833332
"Virginia Beach, VA",VA,218904.25562999997,1159.7817893,223694.20460000003,1167.8226645833333,229638.30308333333,1191.5670890833333,236016.18200833336,1216.1187884166666,242923.33068333333,1253.3115789166666,256922.371975,1299.4638552500003
"Providence, RI",RI,245923.85777999996,1169.7257023,260967.1426083333,1214.9275811666666,280702.84076666663,1274.98141425,298258.0173416667,1349.2380836666666,309929.272525,1416.7138545833334,331818.5891666666,1484.0815808333334
"Jacksonville, FL",FL,166975.55005000002,1077.1637014,180190.88056666663,1108.8436959166665,194619.83189166666,1151.7499491666667,211930.80844166665,1214.22717675,226145.02775,1266.0040804999999,240454.28805833336,1313.5591553333334
"Milwaukee, WI",WI,189961.34458999996,986.05432564,200728.80409999998,997.8118014166665,212894.96758333335,1017.9714049999999,225590.3441833333,1042.9872051666669,238056.17407500002,1072.6690265833336,253934.29261666667,1101.8321530833332
"Oklahoma City, OK",OK,135857.50762,1008.4694145000001,139534.18510833333,1008.9140227583335,143260.01859166668,1014.7371741000001,149481.01102499999,1037.8657924166666,155788.35328333333,1070.3135691666669,166680.83983333333,1100.9902554999999
"Raleigh, NC",NC,221995.25398999997,1163.9836779,238138.77818333334,1199.023859416667,254526.34005833336,1238.407438916667,269670.2390416667,1278.8845335,283598.7718833333,1328.5892983333333,299420.9097416667,1359.8542154166669
"Memphis, TN",TN,117021.72488,963.1670052399999,121651.34684166666,979.3416901750002,129270.47135833332,998.1525704666665,139597.81795833335,1031.7005185833334,150804.782725,1074.0205770833334,164878.31913333334,1153.59348
"Richmond, VA",VA,195096.3591,1059.8167877,205816.83546666664,1084.6329440833333,217685.93878333332,1126.0950641666666,229555.59849166663,1170.1455755,241550.05893333335,1215.937655,257082.48300833334,1258.5290278333334
"Louisville, KY",KY,143023.93879,880.35307512,150562.0552083333,912.217001525,160992.90874166667,956.8660648,170567.39204166664,989.9092157166666,182503.99,1021.2360645833334,194761.32313333335,1059.082157
"New Orleans, LA",LA,171057.88241000002,1258.8153487000002,177178.2643,1280.6121014166667,178019.27618333334,1285.9837061666665,181829.043675,1306.3788371666667,190070.7519583333,1338.7384905000001,203922.6521083333,1372.9894647499998
"Salt Lake City, UT",UT,263505.3021399999,1067.2564578,286856.81193333335,1116.3027036666667,311782.662225,1176.3610335,342087.6516583333,1243.3540015833335,366751.203775,1303.6952598333335,400430.3828333334,1335.4689500000002
"Hartford, CT",CT,225744.34899,1223.2689819,229158.33179166666,1241.1994837500001,235517.10654166664,1266.412382,240275.22808333335,1293.6721931666666,242930.97160000002,1323.9203520833335,252685.5971416667,1368.4805475833334
"Buffalo, NY",NY,138132.74594,844.4028015,145221.50134166665,864.8351982166668,154698.89492499997,898.9276470083333,166645.22658333334,933.7631401333334,175652.08691666662,968.7198258916666,188378.31116666668,1014.5612319
"Birmingham, AL",AL,136286.86291,994.6767688400001,141617.57150833332,1012.52386625,147107.701075,1035.3541880833334,154581.93471666664,1070.3988595833332,165344.03179166667,1112.20151075,179709.85642499998,1151.5574920000001
"Rochester, NY",NY,136320.18178000004,971.3306989499999,145004.7702333333,993.4337023500001,151797.90940833333,1023.1556607499998,153104.02384999997,1061.6157406666669,161049.1844,1093.4096088333333,173264.36283333332,1129.1681915833333
"Grand Rapids, MI",MI,149917.24641,900.24679234,163790.480725,967.5965298416668,180450.62461666667,1034.190615925,195343.97693333335,1086.4706879166667,209308.09425833332,1140.903202166667,225283.4848,1191.1534378333333
"Tucson, AZ",AZ,172990.73612,904.77233239,180079.85086666665,929.1658506083332,191830.72685,976.5706750999999,202077.23944166666,1032.5779014333336,217034.97545,1107.2839378333335,234968.11141666668,1176.0374302499997
"Urban Honolulu, HI",HI,552133.48832,2105.92866,582595.50305,2143.9116540833334,628397.1956666667,2182.019207916667,662489.0856166667,2218.3700162500004,669234.8114416667,2268.8532741666663,681236.1675166668,2277.097273583333
"Tulsa, OK",OK,123928.04876,930.75545619,127636.51778333336,938.4843033583332,134956.47872500002,947.0034296666666,138427.48200000002,964.8538844333334,144542.43726666667,990.4916588749999,158498.46131666668,1033.6418471666666
"Fresno, CA",CA,199931.80244999996,1179.8259309,214030.388525,1225.4188873333335,231440.25868333332,1291.4737296666667,253196.1505916667,1363.51374125,266881.57656666666,1451.4231785833333,282093.80065000005,1532.1521197499999
"Worcester, MA",MA,233798.00756,1169.082254,246654.02662500003,1218.8760820833334,264688.671875,1280.4753290833332,282676.7707666667,1352.7820594999998,293334.11923333333,1425.1358360833335,314015.94632499997,1496.2605440833333
"Omaha, NE",NE,156836.23698,875.5869672599999,165734.86072500004,900.6091112583332,175562.93679166667,930.7391321333334,187161.83130833335,956.1435092583332,198586.64718333332,990.5150763916668,214796.06093333333,1032.5166419166667
"Bridgeport, CT",CT,389351.11515,1958.2167858,394277.48142499995,1982.1192459166668,404118.5131583333,2024.0408923333334,409504.64739166666,2080.4177711666666,410055.8312166667,2148.389443166667,422966.6360250001,2226.76289725
"Greenville, SC",SC,141719.35976,1011.54355166,151107.293775,1059.2620509166668,161057.16385833334,1087.74874175,173098.31443333332,1137.3496003333332,182358.62459999998,1182.290771083333,195756.32859166668,1217.1161606666667
"Albuquerque, NM",NM,171495.19399,947.1945862,178727.0170333334,967.2285940416665,184958.7017333333,995.4202392666665,193171.73164166664,1025.8626039166666,206212.18574999998,1071.5803830833333,225143.09453333332,1129.8474385833333
"Bakersfield, CA",CA,182959.62430000002,1061.2969982,193106.72874166665,1077.0436756666666,202648.36417499997,1114.4073011666667,216201.16315,1160.0411241666666,228124.23369166665,1223.0098854166667,243220.42556666664,1304.386684
"Albany, NY",NY,198403.80433,1129.2284045000001,203306.403625,1156.3422506666668,210588.81726666668,1182.7389033333332,221507.2676916667,1216.281954,230190.82452499997,1238.9476897499999,241984.40444166667,1272.0221830833332
"Knoxville, TN",TN,148394.82257000002,954.21076553,155508.76777500001,978.68162025,164797.13854999997,1023.2463651333331,176458.0428833333,1068.1905279999999,188746.15790833332,1129.8910059999998,207515.29210833335,1190.5331133333334
"Baton Rouge, LA",LA,161688.10035999998,1147.3162206,166748.61753333334,1183.3811396666667,165859.68805000003,1210.1169561666668,174352.55138333334,1208.226136,178038.00200833334,1208.44295825,185103.582175,1213.978775
"McAllen, TX",TX,91444.664113,898.04771021,96933.71869666666,911.7793306083335,100650.37234833335,914.67265755,105670.01516666666,928.3861454749999,110553.1062,947.5991407333332,121015.39928333332,971.3157333166668
"New Haven, CT",CT,216827.32097,1329.2406707,218596.59810833333,1359.9091644166667,223421.87935833333,1393.3261081666667,229988.89279166667,1433.5307890000001,236582.17570833335,1480.45559625,250771.7474166667,1539.7724859166665
"El Paso, TX",TX,122714.77639000001,1026.7324172,125276.31216666666,1025.4176594166665,129704.39534166666,1033.8098239166668,132119.44057500004,1048.07161975,135953.23369999998,1075.3631796666666,144077.15632500002,1130.9316346666667
"Allentown, PA",PA,177897.05578,1117.5161997,182688.78420833332,1145.79176675,189355.92438333333,1178.173926083333,199200.37294166666,1218.2856048333333,207167.14201666668,1261.747301666667,222076.54396666668,1323.1550225833332
"Oxnard, CA",CA,512612.37542000005,1972.2172232,543495.4872916666,2053.1055525833335,576033.3955249999,2152.76180525,607546.3737166667,2247.0536460833337,617837.5212916667,2317.0085462499997,643203.4448666667,2378.7260595833336
"Columbia, SC",SC,127817.56951000002,942.25545585,133985.99852499997,965.1428748000002,140118.9737666667,994.2082909083333,146677.9841666667,1031.9228462500002,154272.61843333332,1076.0754814166667,165128.16029166666,1119.9414909166665
"North Port, FL",FL,222141.19043999998,1346.3517730999997,241976.92164166667,1402.0220518333335,256618.56699999995,1461.0981664166666,268608.91962500004,1517.4937208333333,278013.33693333337,1581.0732835,291745.24923333334,1632.5157558333333
"Charleston, SC",SC,215278.31647999998,1195.7351684,231634.41643333333,1249.8615724999997,246620.87285833337,1306.2288283333332,262133.60343333334,1352.8149931666665,271313.289825,1403.2094271666667,284524.1745916667,1433.3745064166667
"Greensboro, NC",NC,123150.6121,904.6898658800001,127600.72354166668,919.9043319583335,133223.27064166666,953.7857744416666,142726.718875,989.0387312583333,153754.70854166665,1037.1633775833334,166618.00710833335,1092.7971648333335
"Stockton, CA",CA,275088.36126,1377.4226224000001,302290.30045000004,1488.1280498333333,333117.607825,1608.9650971666663,364916.29170833336,1712.3886723333333,385416.62419999996,1800.5842583333333,407658.01554999995,1917.9592861666663
"Cape Coral, FL",FL,192376.06720999998,1148.5943348,213459.75777499998,1231.0213164166667,224933.49869166664,1287.778982333333,232563.4548083333,1349.36628625,237330.11158333332,1400.4718355000002,246637.51166666663,1460.8271269166664
"Boise City, ID",ID,216879.73264,977.4461590000001,236233.624025,1034.8771337249998,259186.02866666668,1109.9765045000001,290292.1469166667,1197.8172592500002,325130.92531666666,1292.2869163333332,368382.45431666664,1378.2549508333332
"Colorado Springs, CO",CO,243161.45368000004,1085.8810111,262252.2700833333,1150.6579634166667,286033.2077916666,1231.6262254166668,314611.8427916667,1305.3773045833334,336545.6995749999,1372.860194,364839.550675,1443.9567747499998
"Little Rock, AR",AR,133486.60181,871.5008901300001,136765.14435,877.7149095416668,138287.5011416667,895.7336953666668,142464.18814166667,909.0966704749999,145932.7823,932.6322396416667,152839.35858333332,971.7917251583334
"Lakeland, FL",FL,138462.81196000002,1065.3194473999997,150635.88873333333,1109.9723766666668,165122.41513333336,1168.79383275,181520.53079166668,1243.7494729166667,196238.6732333333,1322.4461191666664,211297.46470833337,1387.74066925
"Akron, OH",OH,119894.12932000002,838.3359302900001,125952.58013333334,857.2018552083332,132449.87355000002,876.5396029499999,140256.92342500002,896.4825873999999,148353.7687833334,931.3804356416666,158462.9291083333,969.0310504416667
"Des Moines, IA",IA,153865.98405,969.3775305700001,164686.9677833333,975.3610296000002,175152.09482499995,992.1223006249999,186769.03626666663,1007.2262935166667,197705.07973333335,1029.3745691666668,209831.28264166668,1050.319184166667
"Springfield, MA",MA,205040.35468,1147.2384911,212172.34935000003,1188.6457751666667,221039.35380833337,1217.1013443333331,232022.099375,1268.338552833333,240080.10501666667,1313.7090125833336,254631.23424166665,1373.5149470833333
"Ogden, UT",UT,223323.73992000002,994.17518727,244442.85876666664,1045.2663995,268267.9855166667,1107.4166656666664,293231.03095833334,1180.4615593333333,319275.376675,1255.0315590000002,351417.85548333335,1320.47649475
"Madison, WI",WI,221522.42600000004,1076.8595339999997,237184.03248333334,1099.2804191666664,253343.99061666665,1129.4166320000002,269297.51454999996,1153.960656166667,283270.41250833333,1190.7691571666667,301945.46476666664,1225.38761675
"Winston, NC",NC,126690.52097,1021.3557607999999,131202.0407416667,1043.9430122499998,136959.72333333336,1084.6371312499998,145670.24088333335,1128.1199880000001,156940.6914083333,1190.1459995,170523.65422499998,1255.1040455833333
"Deltona, FL",FL,159215.02813,1037.61290745,174171.20865,1099.59090025,191430.72569999998,1163.7819834166664,210020.96705,1241.819428,222940.38763333333,1310.6077613333332,238064.25894999996,1368.70155025
"Provo, UT",UT,265737.49837000004,1082.5560515000002,290253.8754083333,1135.6093723333333,312241.0312,1198.6473711666667,340746.3708666667,1258.41476675,368771.47822499997,1310.4585732500002,397513.89561666665,1354.2364654166665
"Toledo, OH",OH,104541.02253999999,856.19197119,110649.50853333331,876.8867133083335,115649.58737500002,893.2176231083332,123411.13209999999,916.7421198583334,130172.31710833334,942.6021536,139545.84580833334,974.9166400250001
"Wichita, KS",KS,114227.76831,749.22683806,118401.65785833332,754.1664040916667,122688.57253333332,762.4320822333333,128150.19936666667,774.4900555333334,135210.28509166668,792.4023503916666,148912.08610000001,821.7204180666666
"Augusta, GA",GA,119105.96963000002,865.96657891,123695.46360833333,887.3186604916665,127262.05335833335,910.3745174749998,135706.58274166667,941.1330034166666,146183.97208333333,982.5057012583335,157328.37970833332,1044.105637
"Palm Bay, FL",FL,164009.97593999997,1063.0739630000003,181926.22263333332,1134.9714955833335,203069.51344999997,1221.3716002499998,221912.0309166666,1304.6379479166665,231511.60056666666,1369.4016212499998,246834.23540833333,1430.5518528333332
"Harrisburg, PA",PA,167525.4252,910.0233199799999,172081.14034166667,933.6407161583332,177235.08326666665,954.8599709499999,183057.41269166666,986.5245176333333,190174.80193333337,1029.2646036666665,202030.457975,1064.2689853333334
"Spokane, WA",WA,185441.42258,835.2838988,200418.58769166667,943.3306172833331,220904.74699999997,999.3169593333333,244822.239925,1068.40040675,270362.9794666667,1128.75906575,305504.9546333333,1196.0364558333335
"Scranton, PA",PA,102769.56318,764.06404771,105294.24543333333,795.352918575,105831.7377,815.5979786500002,114171.43287499998,849.0675816166668,119204.94208333334,887.3466660416667,128695.23193333331,932.8503265666667
"Chattanooga, TN",TN,135896.76842,964.5549388400001,144066.103,991.8728366916666,154375.6075416667,1022.7837461916666,163824.134025,1076.1975465833334,176317.2897,1133.1554185833336,191161.21964166663,1191.7960808333335
"Modesto, CA",CA,240264.54153999995,1099.9557522999999,262546.367225,1200.276675,285792.308725,1312.3672334166667,311867.454175,1397.2927883333334,328828.3684916667,1470.5152926666667,348338.89183333336,1580.5916971666668
"Lancaster, PA",PA,195749.99414999998,840.1920811,202218.12809166664,860.662752475,211369.45244999998,896.89233305,224292.78617500002,935.8811658166666,233479.72875833328,969.7448521666666,246355.6377833333,1011.2586240166669
"Portland, ME",ME,240118.32394000003,1353.8063636000002,255174.2758166667,1423.3483270833333,276998.0350583333,1482.4687645833335,296025.3701833333,1536.9909397500003,310333.06803333334,1600.2289223333335,336928.22861666663,1701.477257166667
"Lansing, MI",MI,117340.72142,741.98028777,124761.18351666666,771.4167115916666,134601.21809166667,795.0883381166667,144441.304425,825.6012588333333,152889.91100833332,860.862078275,165445.862225,901.3982846833334
"Fayetteville, AR",AR,147587.29450999998,983.6659365899999,158224.02689166667,1013.2782484166665,171057.41996666664,1044.6747481666669,181949.09505833333,1073.1153665833335,192125.0608666667,1101.1099044166667,207195.58934166664,1132.66818975
"Fayetteville, NC",NC,128551.53817000003,852.50450576,127988.27914166666,861.8694281499999,130112.84668333334,879.33487215,133131.76309166665,905.3306201249999,137005.20505833335,945.1618425666666,146608.30540833334,1009.8575091083334
"Lexington, KY",KY,150775.69872,894.3911028800001,158706.20559166666,932.036449775,168494.51033333334,961.8144028416665,179758.6649666667,990.4736337166665,188444.603425,1019.6588927000001,201779.04188333332,1051.1482885833334
"Pensacola, FL",FL,140321.75460000001,964.1596223,148016.24735833332,995.8880515000001,158988.3665583333,1037.6037275833335,172437.013125,1099.2131883333334,185582.05955833333,1167.3570615833332,204453.60121666666,1247.5727259166667
"Santa Rosa, CA",CA,497814.70612000005,1832.4003727,542474.6959583334,1979.0762190000003,580572.6647833334,2079.481612916667,638427.3105,2234.601234666666,638449.5986416667,2230.179949666667,653265.4797166667,2252.7698538333334
"Reno, NV",NV,276238.57433,1071.6080218000002,307984.5656416667,1153.3034485833332,333181.3773,1269.4609610833334,370073.773675,1399.2309605833334,388771.1849583334,1489.1917355833332,408031.1188833334,1553.6647216666668
"Huntsville, AL",AL,148933.50559999997,876.50578482,153582.52051666667,896.3033922499999,159010.37871666663,924.9345429916667,166426.14199999996,978.36407885,177610.60099166667,1047.8628505833333,197917.38992500002,1157.3270926666667
"Port St. Lucie, FL",FL,172640.30086,1254.2543535999998,196313.48713333334,1335.8103700833333,216027.9376666667,1421.2752334166669,234932.95724166665,1507.2171555833336,246427.28670833333,1583.7015698333335,259221.45969166665,1674.238631583333
"Myrtle Beach, SC",SC,169935.89476,1097.2074513,176361.37875833336,1137.96310775,183891.15712500003,1191.7443203333332,194505.44963333334,1248.548952833333,207137.26068333336,1301.2019985833333,219914.75280000002,1356.0054605833334
"Springfield, MO",MO,119038.36038,782.0090275499999,125440.02958333334,799.5904200499999,133283.3713,828.7553915583335,143463.59350000002,856.6302841916666,154404.66915,905.7920182083334,166831.475925,960.6382466333334
"Visalia, CA",CA,169248.61125999998,1082.8443426,181075.24846666667,1124.4304321666666,200255.18085833327,1171.7576361666665,215168.93311666665,1214.0321750833334,227605.1629583333,1264.5772519999998,241543.66328333333,1323.9461525833333
"Killeen, TX",TX,128447.02844999998,854.06831011,133104.53000833333,861.5945111249998,137946.50418333334,875.3928310083334,146460.02076666665,895.077524575,155596.32399166666,938.0571032416666,167591.9340583333,993.1578208
"Asheville, NC",NC,203973.41837,1043.6892358999999,220627.9957166667,1105.263559,240550.87910000002,1161.8786533333334,259408.97920833333,1223.8739505833332,270732.93512499996,1283.35528275,289762.2472083334,1335.0830570833332
"York, PA",PA,162800.55125000002,925.25261484,169466.324475,935.4394141166666,175967.04714166664,963.4861465916666,183299.03764166663,999.6652482083332,191571.58790000004,1039.7141385833331,204551.53355000002,1076.6339726666668
"Vallejo, CA",CA,350023.48916,1508.5176380999997,380211.9594166666,1617.17770225,411710.0801916667,1740.243873833333,447626.21499166655,1845.4672119166664,461577.3891416667,1948.3463595833337,481574.19320833334,2028.7934408333333
"Santa Maria, CA",CA,471317.00659000006,2000.7857718,505030.8613166667,2102.9943155,527164.9118499999,2196.056393416666,550997.3653000001,2296.669330166667,562487.1312583335,2418.907050666667,608486.3027583333,2550.7908995833336
"Salinas, CA",CA,423956.60680999997,1532.0121947,462984.4438666666,1668.9697211666664,499953.07396666665,1789.3666446666668,533438.23475,1894.3050966666667,559820.4530333333,1985.3011840000001,600121.9309333334,2048.335881833333
"Salem, OR",OR,216113.34326,952.0733033800001,240895.11025000006,1054.8720798666668,268672.03530833335,1145.2227228333334,296368.901175,1213.9057564166667,316943.5852,1272.58263125,337154.38683333335,1329.48401825
"Mobile, AL",AL,99183.722014,750.90007759,104154.52112500001,769.0394406583333,109584.54030833334,789.8075470166668,114583.47576666668,815.2644790916665,121895.84605,847.498533375,132298.09117499998,874.5743335833336
"Reading, PA",PA,150957.38384000002,797.72193543,155369.97586666665,813.7684103,161953.349525,841.2764258333333,170567.81781666665,863.8070929583332,177982.50064166667,890.4868753166666,193415.39560833332,918.6594589833334
"Corpus Christi, TX",TX,139462.16429000002,1102.5902615,147864.065575,1102.428834,153596.36560833335,1112.7609868333334,157426.25954166666,1140.4105624166668,163325.08322499998,1151.7583428333335,174075.260625,1184.2153259999998
"Manchester, NH",NH,248110.82502000002,1105.5220757,263070.0617166666,1156.1937915,281835.93784166663,1211.3266514999998,299353.44834166666,1275.6641393333332,311788.4227583334,1351.4807003333333,337107.8776916667,1413.8676747499997
"Fort Wayne, IN",IN,117065.83576,740.16741793,123792.59624166669,760.9754282416667,131605.01199166666,783.3224630166668,141450.57856666666,818.1020022250001,152901.32774166667,852.6024884333333,166661.6133666667,887.4219599416666
"Gulfport, MS",MS,112176.09038,914.1582209000001,119368.6003333333,935.9403718916668,125514.40054166666,948.1047244499999,131926.34254166667,985.2517255833335,138397.35206666667,1021.7191905416668,147460.76626666664,1081.9026990833333
"Salisbury, MD",DE,225457.88577999998,1294.5841865,229512.60108333337,1289.059396,238620.93267500002,1291.6178610833333,247013.42904166668,1293.3829194166667,257439.51761666665,1294.7009438333334,273628.37974166666,1331.1664564166665
"Flint, MI",MI,72217.973547,661.7510494799999,80766.89766833335,681.5554612249999,90814.31792833334,707.1887850749999,101663.79505166668,734.1284208333333,113266.64390833332,760.9045252249999,123920.29664166666,793.4212488083334
"Canton, OH",OH,107729.25076,653.87559738,113842.67658333335,667.4782801666665,118469.99837500001,686.03861435,125650.94229166668,708.6005186583334,133759.5939333333,732.935054875,143550.19085,774.0530199
"Savannah, GA",GA,157408.01167,1065.6968599,164817.01413333332,1093.0638596666668,171450.99766666663,1132.9129230833335,182167.36165833334,1178.2976689166665,192861.85568333336,1230.6517908333333,204170.54335000002,1279.3857545833332
"Beaumont, TX",TX,103534.10320000001,889.12837238,105620.60380000003,913.3008127083334,110209.20164166669,953.5314587583333,117533.99981666669,1018.8126852833334,128471.37305833331,1049.9551118333331,137592.76529166664,1091.1531810833335
"Shreveport, LA",LA,122444.94997999999,986.52128653,125548.97854166669,988.5589214666666,123242.12837499997,995.4773917666665,123631.40247500001,1002.2661408833333,129025.61657499998,1012.2326449166667,136478.01682500003,1043.5361380833333
"Trenton, NJ",NJ,222344.07331999997,1763.3670574000002,228378.78534166666,1802.2720091666667,234002.9076583334,1842.9876392499998,243649.21927500004,1875.7444205,252182.55332500002,1920.7243145,266385.4893416667,1965.0104291666667
"Montgomery, AL",AL,118314.33629,912.15420659,119708.93822499999,922.1050034,120818.00525,933.4110172166667,123729.09538333332,947.1564661333332,130570.46094999998,962.6599099,137284.44730000003,992.0000615333332
"Davenport, IA",IL,114326.96298,716.2449479999999,117376.14128333335,726.0128670916666,120046.73530833334,743.5054554499999,125138.11906666665,758.8990415916666,130523.28784166665,776.1233665833333,136390.69947499997,798.0070176333332
"Tallahassee, FL",FL,143760.29436,907.89879154,151841.60064166668,926.0097326333333,160117.1119333333,956.421372075,169851.913775,989.5040536666667,180391.77774166665,1040.1663414166667,195171.92839166665,1060.1716998333332
"Eugene, OR",OR,232527.97831000006,1093.7082068999998,252132.08367500003,1160.0341691666665,274433.072,1229.3284636666663,297618.68189999997,1310.8833896666665,316104.013975,1385.7544706666665,343581.09718333336,1448.23898525
"Naples, FL",FL,310959.8184,1624.4374159000004,336914.8340416667,1704.51743375,341504.46779166657,1764.8002754166666,346412.1056833333,1847.6311441666667,353080.3206166667,1921.032532,360449.9596250001,1986.6909887500003
"Ann Arbor, MI",MI,232865.11405000003,1377.1362532,247271.2282166666,1413.3829603333331,263545.122025,1478.8999526666666,280964.07501666667,1537.7522506666664,296622.0560833333,1589.6880039166665,307030.36364166666,1613.3169876666668
"Ocala, FL",FL,120109.82457999999,903.1323361000001,130425.460025,945.3305901416666,142486.99317499998,1002.4955678083334,156024.31720000002,1064.3450995833334,166415.28984999997,1114.57022425,178227.0311166667,1183.001065
"Fort Collins, CO",CO,315760.12224999996,1333.3480734,349875.1366166666,1374.89592475,379863.0019166666,1408.56377625,403230.25632499997,1453.6524417500002,422177.9427666667,1506.6720754166665,439202.1255,1533.2678196666668
"Rockford, IL",IL,93888.957563,655.6248572799999,101735.10376416666,672.7901064250001,110271.67635000001,692.651657275,118001.05486666666,721.2569394083333,124592.33958333333,754.3215420583332,130553.18153333332,792.251303975
"Gainesville, FL",FL,148253.6305,984.56376679,157261.05584166668,1015.9894692416666,170367.01272499998,1075.0502001666666,183366.08984166666,1131.7022694166665,192760.30745833332,1203.6095915833334,208782.74932499998,1243.8673156666666
"Boulder, CO",CO,439176.17303999997,1564.3650059999998,493997.5746666666,1624.3570369999998,537357.4032,1677.4899186666669,560348.1975666668,1746.5231489999999,578835.0772916668,1809.4778745,608505.73475,1838.835222083333
"Columbus, GA",GA,105778.81668,730.75453402,107539.83589166665,734.1332291750001,108962.34232499999,747.4191787416667,114831.681275,765.3246939583333,121817.07614999998,799.817380525,132189.92184166666,876.6344106416665
"South Bend, IN",IN,99647.76607099999,713.6204442800001,106646.19094166666,740.364425675,114356.80689999998,774.5267230083333,124004.5584,816.1439494249998,133859.0082666667,859.9012078250001,144992.88053333331,917.8542444499999
"Spartanburg, SC",SC,126295.06337000002,929.89302314,132126.10730833333,973.4593465333332,141715.51695000002,1022.4792972833334,153180.52550000002,1070.9441211666665,164890.13840000003,1132.0704344166666,178801.4810083333,1185.3773533333333
"Greeley, CO",CO,261419.18498999998,1262.3654775,289429.3399833333,1307.3150392500002,318655.54588333325,1357.8616899999997,346521.0296333333,1425.0669149999997,365813.14227500005,1481.5914740833332,390074.49021666666,1523.2933415833331
"Lubbock, TX",TX,119734.08002,1103.3347454999998,122688.86606666665,1105.6900759166667,136135.85458333333,1120.4290862500002,146019.74448333334,1131.6783296666665,145519.67781666666,1148.7553880833334,153131.95995000002,1176.8185199166667
"Clarksville, TN",TN,147304.65321000002,848.05366615,146268.735175,853.9141885333333,149981.2286,871.5407469833334,156845.78776666665,906.0775657999999,162917.34985833333,957.8506260000003,178372.71758333335,1015.7289195083334
"Roanoke, VA",VA,155853.95312000002,804.2990087700001,158878.1625666667,822.2652863583335,164034.09952499997,843.90348785,169514.28476666668,865.8298703916668,178617.47967499998,913.3534066166667,193287.156225,960.1920296
"Evansville, IN",IN,115084.95485999998,592.0680484500001,120454.585,608.6549577749998,126388.38388333331,625.9841193416667,133104.84399166668,648.6224847166666,138955.30741666665,673.2799017583334,148893.8839083333,698.3533232333334
"Kennewick, WA",WA,202338.15593,1073.6235379,219748.39979999998,1105.9584819999998,243852.13066666666,1159.9415244999998,271306.338775,1207.6654870833333,298583.82402500004,1259.8326128333335,324454.8751416667,1315.2695960833335
"Hagerstown, MD",MD,167200.54844999997,883.78597518,170441.06313333334,900.4680505916667,177163.3843583333,923.0891008916665,186953.90269166665,944.4785775666666,197212.97961666665,977.5296300583333,209762.9484833333,1027.52732735
"Olympia, WA",WA,250167.0895,1185.246693,270246.87963333336,1246.1770528333334,295153.1851666667,1351.97321925,319468.8793916667,1434.8001358333331,339322.1696249999,1520.4339719166665,375921.49468333327,1627.4680778333334
"Wilmington, NC",NC,203081.49681999997,955.39594227,214471.54555833337,1001.6427118166667,227301.92339166664,1046.1967726666664,241171.48135000002,1095.8223654166666,254728.356975,1202.2502893333335,272999.101975,1261.565647416667
"San Luis Obispo, CA",CA,477738.96304,1831.2454794999999,508648.57252499997,1938.0308370000002,564443.5355666665,2058.384679083333,599377.7502416667,2157.129615083333,612233.0669583332,2241.38908075,642199.9215833334,2323.281175583333
"Crestview, FL",FL,218422.50299,1100.0687626000001,228397.28970833335,1131.61830325,242022.43255833336,1183.8785166666667,260343.0135916667,1249.0674331666667,276777.45869166666,1352.7612572500002,300064.51714999997,1414.6731652500002
"Merced, CA",CA,196346.96439,999.2114188600001,213715.42215,1076.85598675,236367.95330000002,1174.2374584166666,259865.28444999995,1261.2270709166667,280985.58744999993,1341.4385619999996,297897.24609166663,1420.60235775
"Waco, TX",TX,115025.70096,963.4704774900001,122265.43705000001,1002.0296879250001,134559.96694166667,1033.2437920833333,147642.26354166665,1065.1525749166665,158017.24358333333,1108.2099630833334,171321.61991666668,1157.6623585000002
"Cedar Rapids, IA",IA,143603.28405000002,850.4593803099999,144941.1308083333,863.757419425,149509.95509166666,873.5734517333332,155849.41160833335,891.7107216833334,164659.6986166667,915.1540586750001,170948.26426666664,936.5523881333334
"Atlantic City, NJ",NJ,179383.51471,1299.232214,173008.38472499998,1289.0967534166668,169361.99915000002,1274.415869,178285.1306083333,1315.7117374166667,192837.04625,1353.2637942499998,209185.52186666662,1364.7832569166667
"Bremerton, WA",WA,269018.88472999993,1109.9728444,298590.2803583333,1198.3978527499999,333626.64109166665,1292.18185325,360118.44375000003,1384.11689675,383869.37470833334,1481.3485465833335,423873.75945,1542.0708725000002
"Santa Cruz, CA",CA,620994.97809,2153.378101,676455.0670583333,2323.4787826666666,725580.0920166667,2462.5059155,786616.1118416666,2616.330266666667,789552.3143666666,2706.51046025,826863.27985,2773.6541362499997
"Norwich, CT",CT,215997.49322,983.0909672199999,220096.00223333333,1002.5706912249999,230013.4288333333,1020.6690132083332,239068.55380833332,1042.6151315833333,243066.651525,1078.1144152499999,255817.42653333335,1134.437411
"College Station, TX",TX,168264.73370000004,1152.8471350000002,183853.55170833334,1188.6537819166667,199033.29744999998,1211.2307051666664,208146.9466583333,1217.1767915833332,210073.12459999998,1246.61918975,216187.8389166667,1273.3689232499999
"Kalamazoo, MI",MI,131570.5168,803.13437933,139281.09410833332,839.5655870999999,146716.03109166666,871.3978200499997,159391.21145833336,920.3021312833334,172401.92885000003,957.2315748333334,185936.87711666667,982.3406245083333
"Lynchburg, VA",VA,149255.91640000002,711.12603458,153888.84455833334,731.6500678916667,159533.39857500003,750.2268334333334,166108.33456666666,774.4621940083333,173879.89935833335,802.4493707416667,185332.2714333333,847.415550625
"Fort Smith, AR",AR,96175.030688,696.4008932700001,100565.98229833333,711.8454411833333,103311.522725,726.4203493416667,107796.78326666665,737.8206378,113597.47335833333,752.3573401583332,121969.29756666668,786.6560798916666
"Daphne, AL",AL,180636.7297,1063.7021581000001,191322.87521666664,1092.3365888333335,199849.08672500003,1130.406681666667,212505.79955833335,1154.1851925833332,229472.68382500004,1202.39420125,247912.64649166664,1241.8851781666665
"Bellingham, WA",WA,289351.2604,1070.8529924,313243.86730833334,1141.6482569999998,345796.51122499997,1231.8900409166665,381560.28814166674,1331.2041695833332,406691.94486666674,1423.6093689999998,445699.58543333336,1505.138126
"Rochester, MN",MN,172645.12847,1131.5775529999999,185369.46149166665,1166.0465981666669,200911.92605,1201.114843,215118.3258,1223.5397586666668,226524.96538333336,1288.5173688333332,239665.7919166667,1307.8090566666667
"Lafayette, IN",IN,128216.83479,841.2255656799998,134970.390775,861.9429893083333,144261.6601083333,898.8040491916668,153787.60167499998,934.9949381333334,164905.55813333334,973.3868106250001,179752.50485,1009.8921829583334
"Champaign, IL",IL,133044.18926999997,788.36784378,137103.323825,797.5745930333333,141215.94315833334,814.3180761750001,144409.58178333333,828.7170573333333,150092.33250000002,850.4269981916667,152547.58958333335,873.538845125
"Medford, OR",OR,246448.07426,1064.7619762000002,268814.42286666663,1175.0759496666665,295425.4697166667,1277.56969225,317327.390675,1345.43691925,326436.88727500004,1402.3087303333334,343650.26265,1485.9851945
"Las Cruces, NM",NM,163555.07035,910.0657297399999,164801.6428,924.6604167666666,167004.5199916667,953.1925131333333,173041.556975,981.3578917916669,179379.61196666665,1023.8614858750001,190786.21839999998,1086.203259
"Hilton Head Island, SC",SC,256858.38166,1275.7055540000001,271607.44865,1320.3207474166666,279573.8828666666,1390.0681491666667,289901.3088416667,1454.406524,301099.85863333335,1522.5092897499999,314540.64045833325,1570.0562555833333
"Athens, GA",GA,147481.84819999998,909.4532890100002,155202.76046666666,954.5387603,165650.8208,1008.8126286583333,181136.0185583333,1097.2289059166667,199003.80855833334,1176.8513940833334,219691.65214166665,1255.6077285833333
"Lake Havasu City, AZ",AZ,161255.59446,877.71798903,171123.72295,921.36916255,181857.1206416667,978.8068137749998,200457.1831333333,1051.5655669999999,222113.29926666667,1130.6979444166666,243333.09125000003,1219.7062626666668
"Columbia, MO",MO,143502.01074,746.35827404,149144.86615,751.3169275916667,160747.19825833334,763.0458516833334,166892.28315833333,775.447411625,175498.64028333334,790.9304145416668,189456.99606666667,814.3001301583332
"Gainesville, GA",GA,170201.84388,1041.9555775,183072.4490916667,1095.89799425,196490.24476666667,1151.7843574166666,211604.30094166668,1212.2422750833334,226955.580575,1284.3565609999998,242695.03244999997,1324.8426534166667
"Jacksonville, NC",NC,147935.98162,793.9161503,144407.38005,790.7940016666666,147147.064175,799.4905764,155083.73624166672,825.9619023416667,167866.1665833333,900.6263437166667,179417.6713416667,929.1546890333333
"St. Cloud, MN",MN,170841.84581,802.25264825,178541.99747499998,859.3489784666666,189233.72809999998,902.5274010583331,197747.6679,948.2407545666669,208313.38289166664,991.9881073583333,222130.12529166669,1032.3081246666666
"Bend, OR",OR,303688.19831,1246.8390617,333838.61248333333,1345.7314029166666,362332.038775,1429.052657416667,391639.22684166656,1472.9822126666666,411981.1986500001,1567.0433031666669,446728.2291833333,1699.6370000833333
"Warner Robins, GA",GA,127235.62515,872.8053880399999,130333.02457500003,893.7936187666668,133228.94366666666,926.9241576833332,141154.80759166667,957.3064765583332,150343.42713333335,1013.835260958333,159362.1463,1072.5218775
"Torrington, CT",CT,219548.70179,995.5756738799998,224751.189125,998.1211043249999,232819.06613333334,1030.86385875,239453.35225833335,1066.2126401666667,241591.99104999998,1097.6620146666667,253773.41123333338,1212.490791833333
"Punta Gorda, FL",FL,164705.69024,1086.5405475,181893.99209166667,1148.6116385000003,195286.276025,1212.555241,208506.83275833333,1272.5257675,218594.3441416667,1335.853837,230853.6303666667,1413.8992870000002
"Billings, MT",MT,232647.33266000001,928.0525716599999,235447.37113333333,938.6489342833332,239239.95305833334,946.6270442750001,247876.32005833337,957.7565787916668,261341.45079999996,987.025150725,277095.4540916666,1036.6988138250001
"Dover, DE",DE,193258.83208999998,1021.3813866999999,200938.682025,1046.15527225,206417.03909999997,1071.957073,213910.89408333332,1103.3171931666666,226256.87537499997,1137.6662728333333,241860.02133333334,1177.6939338333334
"St. George, UT",UT,274068.59097,1097.1597049,287104.3754166667,1170.8821852499998,306524.3130583333,1255.14516475,339611.65760833333,1335.432782416667,366149.85028333333,1392.6873969166666,395139.6765,1453.6096405833332
"Abilene, TX",TX,109678.23331,740.55582643,115554.40753333333,749.569889375,119359.49703333335,775.8565169083332,127095.01710000001,803.2557374999998,131666.09483333337,835.78876735,138306.17591666666,875.8669894333335
"Auburn, AL",AL,159370.5001,992.0565767,167433.54306666664,1055.44887825,178196.25658333334,1110.4418915833332,188868.59665,1165.8259199166666,202677.55821666666,1225.0971005,217369.38743333332,1257.6000177500002
"Greenville, NC",NC,127324.55997999998,882.8005359000001,129389.3971,905.5567820416668,134305.70823333334,927.1250959666668,140217.6486916667,970.1862439,147936.36207500004,1016.6938534333334,158265.92674999998,1073.12185525
"East Stroudsburg, PA",PA,137306.71128000002,1012.9108180699999,137976.3618416667,1032.4820399166667,143124.1280666667,1091.4821373333334,153637.03042499998,1131.0153473333335,168023.775925,1177.6813881666667,181798.85580000002,1273.7918765000002
"Bloomington, IN",IN,148128.10542,926.4319080899999,155257.72875833334,948.0045887,164866.21381666666,980.4922300333334,177766.14526666663,1013.4960757083333,190400.52526666663,1072.3645953333335,207879.0151333333,1116.36952275
"Sebastian, FL",FL,166890.57045000003,1082.0005391000002,184066.938125,1160.4391270833332,203864.50277499997,1257.034317,223350.19672499996,1333.99101175,235426.55819166664,1408.6859306666665,247969.87911666665,1502.0344841666667
"Idaho Falls, ID",ID,166360.56556000002,691.5639874999999,180031.67053333332,715.0173118416668,197193.9607083333,765.458393075,218161.6113416667,820.0777365416667,240082.1734666667,876.6770294916668,273088.68064166664,946.584219325
"Grand Junction, CO",CO,204144.596,904.1912326400001,215231.93831666664,928.1198607,228471.914075,965.5465341500002,248591.14737500003,1031.7474828583333,269066.8126499999,1102.0152331666666,291444.81091666664,1162.0334428333333
"Wichita Falls, TX",TX,86601.305302,781.01909113,87569.76891749998,799.2477506166665,89945.96836666668,822.260228325,95230.859155,847.8153811666667,100375.48653416666,877.4599465833334,109312.43946666666,942.7240458833334
"Valdosta, GA",GA,111814.21552,924.70065815,112288.704225,924.9233461166665,111761.72089166667,937.3029606166666,116861.516,948.1935991583332,122574.02086666667,962.9817095833333,130199.33875000001,1022.50361345
"Winchester, VA",VA,206205.55330000003,1211.3341851,214035.207325,1233.684429,225189.52444166667,1266.7343607499997,235360.66127499996,1320.7705708333335,246306.71725,1371.0655924166667,260268.05506666665,1440.391335333333
"Sumter, SC",SC,105606.14771,815.24508383,107526.08795,836.7837203666667,107847.34930833332,861.4099633333335,112790.96806666664,912.4683538749999,126280.88300833333,952.7790181166665,137570.54264166666,1003.1019278416667
"Manhattan, KS",KS,145323.03638,917.73801563,148434.0476,907.9487608916667,154331.77774999998,905.4864462999999,158614.79624999998,908.7109400666665,162517.76264166666,904.0777420666667,172407.03561666666,913.7771152583333
"Lawton, OK",OK,96614.56035900001,706.4117115700001,94123.43278416665,705.6131942500001,91868.34591666666,715.8083102333334,91725.76946416667,724.7994428416665,93153.04179999999,738.5407176333333,98299.91706416667,765.8551978250001
"New Bern, NC",NC,130007.68245000001,911.9051051700002,133730.90756666666,920.0657517166668,138795.796625,932.6344931083332,145021.63212500003,955.3539088416666,151650.2443,1016.1620301583333,162524.90099166665,1046.7063870833335
"Missoula, MT",MT,273837.77174,804.20528723,288381.08774166665,829.2422024166666,308345.2375666667,854.8257544000002,324674.6581333333,874.1304193750001,339476.14716666663,908.9664533666665,369456.22232500004,977.2040858166666
"California, MD",MD,269057.49847,1184.5140909000002,268898.75305833336,1203.9802973333333,276627.5406416667,1234.47961625,284371.8882583334,1272.2142834166668,293786.7555916666,1303.9584166666666,310369.78515,1368.6455580833335
"Cheyenne, WY",WY,232777.97328000003,921.65908092,243250.0891166667,939.0430476166666,254811.31848333334,953.345604025,266900.3766,970.1873453750001,286751.891375,1011.9991586666665,315484.7992416666,1049.973222
"Corvallis, OR",OR,294621.07283,1270.9066569,314140.12220000004,1326.2264343333334,335533.69075833337,1391.74061775,359516.85779999994,1466.2408856666668,376735.904725,1514.40983675,399047.3616833333,1541.2843937500002
"Oak Harbor, WA",WA,290023.68535,926.87357639,323802.2068916667,1051.6575816916666,358259.8653500001,1165.0753288333333,389004.0673416667,1234.2994939166667,407356.33918333333,1277.2003474166668,444990.2505666667,1333.4104313333335
"Enterprise, AL",AL,122696.26764999998,837.6145929,124554.83139166667,851.9081869583332,125333.34029166667,877.4554443583334,129426.49451666667,898.7701323833335,132732.13647499998,936.8585520333335,140890.0734,987.6100043249999
